sample-id	absolute-filepath
71401-0009	/mnt/datasets/project_2/MS/seqs/ERR6942235.fastq.gz
71401-0014	/mnt/datasets/project_2/MS/seqs/ERR6941657.fastq.gz
71401-0035	/mnt/datasets/project_2/MS/seqs/ERR6942237.fastq.gz
71401-0049	/mnt/datasets/project_2/MS/seqs/ERR6942239.fastq.gz
71401-0060	/mnt/datasets/project_2/MS/seqs/ERR6941660.fastq.gz
71401-0061	/mnt/datasets/project_2/MS/seqs/ERR6941662.fastq.gz
71401-0072	/mnt/datasets/project_2/MS/seqs/ERR6941664.fastq.gz
71401-0075	/mnt/datasets/project_2/MS/seqs/ERR6941666.fastq.gz
71401-0080	/mnt/datasets/project_2/MS/seqs/ERR6941668.fastq.gz
71401-0082	/mnt/datasets/project_2/MS/seqs/ERR6941669.fastq.gz
71401-0084	/mnt/datasets/project_2/MS/seqs/ERR6941671.fastq.gz
71401-0085	/mnt/datasets/project_2/MS/seqs/ERR6941673.fastq.gz
71401-0086	/mnt/datasets/project_2/MS/seqs/ERR6941675.fastq.gz
71401-0087	/mnt/datasets/project_2/MS/seqs/ERR6941677.fastq.gz
71401-0088	/mnt/datasets/project_2/MS/seqs/ERR6941679.fastq.gz
71401-0089	/mnt/datasets/project_2/MS/seqs/ERR6941680.fastq.gz
71401-0091	/mnt/datasets/project_2/MS/seqs/ERR6941682.fastq.gz
71401-0092	/mnt/datasets/project_2/MS/seqs/ERR6941684.fastq.gz
71401-0093	/mnt/datasets/project_2/MS/seqs/ERR6941686.fastq.gz
71401-0094	/mnt/datasets/project_2/MS/seqs/ERR6941688.fastq.gz
71401-0096	/mnt/datasets/project_2/MS/seqs/ERR6941690.fastq.gz
71401-0101	/mnt/datasets/project_2/MS/seqs/ERR6941694.fastq.gz
71401-0102	/mnt/datasets/project_2/MS/seqs/ERR6941696.fastq.gz
71401-0103	/mnt/datasets/project_2/MS/seqs/ERR6941698.fastq.gz
71401-0104	/mnt/datasets/project_2/MS/seqs/ERR6941700.fastq.gz
71401-0106	/mnt/datasets/project_2/MS/seqs/ERR6941702.fastq.gz
71401-0107	/mnt/datasets/project_2/MS/seqs/ERR6941704.fastq.gz
71401-0108	/mnt/datasets/project_2/MS/seqs/ERR6941706.fastq.gz
71401-0109	/mnt/datasets/project_2/MS/seqs/ERR6941708.fastq.gz
71401-0110	/mnt/datasets/project_2/MS/seqs/ERR6941710.fastq.gz
71401-0111	/mnt/datasets/project_2/MS/seqs/ERR6942245.fastq.gz
71401-0114	/mnt/datasets/project_2/MS/seqs/ERR6942247.fastq.gz
71401-0115	/mnt/datasets/project_2/MS/seqs/ERR6941712.fastq.gz
71401-0116	/mnt/datasets/project_2/MS/seqs/ERR6942249.fastq.gz
71401-0118	/mnt/datasets/project_2/MS/seqs/ERR6941714.fastq.gz
71401-0119	/mnt/datasets/project_2/MS/seqs/ERR6942252.fastq.gz
71401-0120	/mnt/datasets/project_2/MS/seqs/ERR6941717.fastq.gz
71401-0121	/mnt/datasets/project_2/MS/seqs/ERR6941719.fastq.gz
71401-0122	/mnt/datasets/project_2/MS/seqs/ERR6941720.fastq.gz
71401-0123	/mnt/datasets/project_2/MS/seqs/ERR6942254.fastq.gz
71401-0124	/mnt/datasets/project_2/MS/seqs/ERR6941722.fastq.gz
71401-0126	/mnt/datasets/project_2/MS/seqs/ERR6941723.fastq.gz
71401-0127	/mnt/datasets/project_2/MS/seqs/ERR6941724.fastq.gz
71401-0128	/mnt/datasets/project_2/MS/seqs/ERR6941726.fastq.gz
71401-0132	/mnt/datasets/project_2/MS/seqs/ERR6941730.fastq.gz
71401-0133	/mnt/datasets/project_2/MS/seqs/ERR6942257.fastq.gz
71401-0139	/mnt/datasets/project_2/MS/seqs/ERR6941731.fastq.gz
71401-0140	/mnt/datasets/project_2/MS/seqs/ERR6941732.fastq.gz
71401-0141	/mnt/datasets/project_2/MS/seqs/ERR6941734.fastq.gz
71401-0144	/mnt/datasets/project_2/MS/seqs/ERR6941738.fastq.gz
71401-0147	/mnt/datasets/project_2/MS/seqs/ERR6942260.fastq.gz
71401-0148	/mnt/datasets/project_2/MS/seqs/ERR6941743.fastq.gz
71401-0149	/mnt/datasets/project_2/MS/seqs/ERR6941745.fastq.gz
71401-0153	/mnt/datasets/project_2/MS/seqs/ERR6941748.fastq.gz
71401-0155	/mnt/datasets/project_2/MS/seqs/ERR6941749.fastq.gz
71401-0156	/mnt/datasets/project_2/MS/seqs/ERR6941751.fastq.gz
71401-0157	/mnt/datasets/project_2/MS/seqs/ERR6941753.fastq.gz
71401-0158	/mnt/datasets/project_2/MS/seqs/ERR6941755.fastq.gz
71401-0160	/mnt/datasets/project_2/MS/seqs/ERR6941757.fastq.gz
71401-0161	/mnt/datasets/project_2/MS/seqs/ERR6941758.fastq.gz
71401-0162	/mnt/datasets/project_2/MS/seqs/ERR6941759.fastq.gz
71401-0165	/mnt/datasets/project_2/MS/seqs/ERR6941760.fastq.gz
71401-0166	/mnt/datasets/project_2/MS/seqs/ERR6941762.fastq.gz
71401-0167	/mnt/datasets/project_2/MS/seqs/ERR6941764.fastq.gz
71401-0170	/mnt/datasets/project_2/MS/seqs/ERR6941766.fastq.gz
71401-0171	/mnt/datasets/project_2/MS/seqs/ERR6941768.fastq.gz
71401-0172	/mnt/datasets/project_2/MS/seqs/ERR6942265.fastq.gz
71401-0173	/mnt/datasets/project_2/MS/seqs/ERR6941769.fastq.gz
71401-0174	/mnt/datasets/project_2/MS/seqs/ERR6941771.fastq.gz
71401-0175	/mnt/datasets/project_2/MS/seqs/ERR6941773.fastq.gz
71401-0176	/mnt/datasets/project_2/MS/seqs/ERR6941775.fastq.gz
71401-0177	/mnt/datasets/project_2/MS/seqs/ERR6941777.fastq.gz
71401-0179	/mnt/datasets/project_2/MS/seqs/ERR6941779.fastq.gz
71401-0181	/mnt/datasets/project_2/MS/seqs/ERR6941781.fastq.gz
71401-0182	/mnt/datasets/project_2/MS/seqs/ERR6942267.fastq.gz
71401-0183	/mnt/datasets/project_2/MS/seqs/ERR6942268.fastq.gz
71401-0184	/mnt/datasets/project_2/MS/seqs/ERR6942269.fastq.gz
71401-0185	/mnt/datasets/project_2/MS/seqs/ERR6942271.fastq.gz
71401-0186	/mnt/datasets/project_2/MS/seqs/ERR6942273.fastq.gz
71401-0188	/mnt/datasets/project_2/MS/seqs/ERR6942275.fastq.gz
71401-0189	/mnt/datasets/project_2/MS/seqs/ERR6942276.fastq.gz
71401-0190	/mnt/datasets/project_2/MS/seqs/ERR6942277.fastq.gz
71401-0193	/mnt/datasets/project_2/MS/seqs/ERR6942279.fastq.gz
71401-0194	/mnt/datasets/project_2/MS/seqs/ERR6942281.fastq.gz
71401-0195	/mnt/datasets/project_2/MS/seqs/ERR6942283.fastq.gz
71401-0197	/mnt/datasets/project_2/MS/seqs/ERR6942285.fastq.gz
71401-0198	/mnt/datasets/project_2/MS/seqs/ERR6942287.fastq.gz
71401-0199	/mnt/datasets/project_2/MS/seqs/ERR6942288.fastq.gz
71401-0200	/mnt/datasets/project_2/MS/seqs/ERR6942290.fastq.gz
71401-0201	/mnt/datasets/project_2/MS/seqs/ERR6942291.fastq.gz
71401-0203	/mnt/datasets/project_2/MS/seqs/ERR6942292.fastq.gz
71401-0204	/mnt/datasets/project_2/MS/seqs/ERR6942294.fastq.gz
71401-0205	/mnt/datasets/project_2/MS/seqs/ERR6942296.fastq.gz
71401-0206	/mnt/datasets/project_2/MS/seqs/ERR6942297.fastq.gz
71401-0207	/mnt/datasets/project_2/MS/seqs/ERR6942299.fastq.gz
71401-0208	/mnt/datasets/project_2/MS/seqs/ERR6942302.fastq.gz
71401-0210	/mnt/datasets/project_2/MS/seqs/ERR6942304.fastq.gz
71401-0212	/mnt/datasets/project_2/MS/seqs/ERR6942307.fastq.gz
71401-0213	/mnt/datasets/project_2/MS/seqs/ERR6942310.fastq.gz
71401-0221	/mnt/datasets/project_2/MS/seqs/ERR6942315.fastq.gz
71401-0224	/mnt/datasets/project_2/MS/seqs/ERR6942319.fastq.gz
71401-0226	/mnt/datasets/project_2/MS/seqs/ERR6942321.fastq.gz
71401-0228	/mnt/datasets/project_2/MS/seqs/ERR6942323.fastq.gz
71401-0229	/mnt/datasets/project_2/MS/seqs/ERR6942325.fastq.gz
71401-0230	/mnt/datasets/project_2/MS/seqs/ERR6942327.fastq.gz
71401-0232	/mnt/datasets/project_2/MS/seqs/ERR6942329.fastq.gz
71401-0233	/mnt/datasets/project_2/MS/seqs/ERR6942331.fastq.gz
71401-0235	/mnt/datasets/project_2/MS/seqs/ERR6942334.fastq.gz
71401-0236	/mnt/datasets/project_2/MS/seqs/ERR6942336.fastq.gz
71401-0238	/mnt/datasets/project_2/MS/seqs/ERR6942338.fastq.gz
71401-0239	/mnt/datasets/project_2/MS/seqs/ERR6942340.fastq.gz
71401-0244	/mnt/datasets/project_2/MS/seqs/ERR6942345.fastq.gz
71401-0245	/mnt/datasets/project_2/MS/seqs/ERR6942347.fastq.gz
71401-0247	/mnt/datasets/project_2/MS/seqs/ERR6942351.fastq.gz
71401-0248	/mnt/datasets/project_2/MS/seqs/ERR6942353.fastq.gz
71401-0249	/mnt/datasets/project_2/MS/seqs/ERR6942355.fastq.gz
71401-0251	/mnt/datasets/project_2/MS/seqs/ERR6942358.fastq.gz
71401-0252	/mnt/datasets/project_2/MS/seqs/ERR6942360.fastq.gz
71401-0253	/mnt/datasets/project_2/MS/seqs/ERR6942362.fastq.gz
71401-0254	/mnt/datasets/project_2/MS/seqs/ERR6942364.fastq.gz
71401-0255	/mnt/datasets/project_2/MS/seqs/ERR6942366.fastq.gz
71401-0256	/mnt/datasets/project_2/MS/seqs/ERR6942368.fastq.gz
71401-0259	/mnt/datasets/project_2/MS/seqs/ERR6942370.fastq.gz
71401-0260	/mnt/datasets/project_2/MS/seqs/ERR6942372.fastq.gz
71402-0009	/mnt/datasets/project_2/MS/seqs/ERR6942376.fastq.gz
71402-0014	/mnt/datasets/project_2/MS/seqs/ERR6941782.fastq.gz
71402-0049	/mnt/datasets/project_2/MS/seqs/ERR6942378.fastq.gz
71402-0060	/mnt/datasets/project_2/MS/seqs/ERR6941785.fastq.gz
71402-0072	/mnt/datasets/project_2/MS/seqs/ERR6941787.fastq.gz
71402-0075	/mnt/datasets/project_2/MS/seqs/ERR6941789.fastq.gz
71402-0082	/mnt/datasets/project_2/MS/seqs/ERR6942379.fastq.gz
71402-0084	/mnt/datasets/project_2/MS/seqs/ERR6941791.fastq.gz
71402-0085	/mnt/datasets/project_2/MS/seqs/ERR6941793.fastq.gz
71402-0086	/mnt/datasets/project_2/MS/seqs/ERR6941795.fastq.gz
71402-0087	/mnt/datasets/project_2/MS/seqs/ERR6941797.fastq.gz
71402-0088	/mnt/datasets/project_2/MS/seqs/ERR6941799.fastq.gz
71402-0089	/mnt/datasets/project_2/MS/seqs/ERR6941800.fastq.gz
71402-0091	/mnt/datasets/project_2/MS/seqs/ERR6941801.fastq.gz
71402-0092	/mnt/datasets/project_2/MS/seqs/ERR6941802.fastq.gz
71402-0093	/mnt/datasets/project_2/MS/seqs/ERR6941804.fastq.gz
71402-0094	/mnt/datasets/project_2/MS/seqs/ERR6941806.fastq.gz
71402-0096	/mnt/datasets/project_2/MS/seqs/ERR6941812.fastq.gz
71402-0101	/mnt/datasets/project_2/MS/seqs/ERR6941814.fastq.gz
71402-0102	/mnt/datasets/project_2/MS/seqs/ERR6941816.fastq.gz
71402-0103	/mnt/datasets/project_2/MS/seqs/ERR6941818.fastq.gz
71402-0104	/mnt/datasets/project_2/MS/seqs/ERR6942382.fastq.gz
71402-0106	/mnt/datasets/project_2/MS/seqs/ERR6941820.fastq.gz
71402-0107	/mnt/datasets/project_2/MS/seqs/ERR6941822.fastq.gz
71402-0108	/mnt/datasets/project_2/MS/seqs/ERR6941824.fastq.gz
71402-0109	/mnt/datasets/project_2/MS/seqs/ERR6941825.fastq.gz
71402-0110	/mnt/datasets/project_2/MS/seqs/ERR6941827.fastq.gz
71402-0111	/mnt/datasets/project_2/MS/seqs/ERR6942384.fastq.gz
71402-0114	/mnt/datasets/project_2/MS/seqs/ERR6941829.fastq.gz
71402-0115	/mnt/datasets/project_2/MS/seqs/ERR6941831.fastq.gz
71402-0116	/mnt/datasets/project_2/MS/seqs/ERR6942386.fastq.gz
71402-0118	/mnt/datasets/project_2/MS/seqs/ERR6941833.fastq.gz
71402-0119	/mnt/datasets/project_2/MS/seqs/ERR6941836.fastq.gz
71402-0120	/mnt/datasets/project_2/MS/seqs/ERR6941837.fastq.gz
71402-0121	/mnt/datasets/project_2/MS/seqs/ERR6942391.fastq.gz
71402-0122	/mnt/datasets/project_2/MS/seqs/ERR6941839.fastq.gz
71402-0123	/mnt/datasets/project_2/MS/seqs/ERR6942393.fastq.gz
71402-0124	/mnt/datasets/project_2/MS/seqs/ERR6941841.fastq.gz
71402-0126	/mnt/datasets/project_2/MS/seqs/ERR6941844.fastq.gz
71402-0127	/mnt/datasets/project_2/MS/seqs/ERR6941847.fastq.gz
71402-0128	/mnt/datasets/project_2/MS/seqs/ERR6941849.fastq.gz
71402-0129	/mnt/datasets/project_2/MS/seqs/ERR6941851.fastq.gz
71402-0132	/mnt/datasets/project_2/MS/seqs/ERR6941855.fastq.gz
71402-0133	/mnt/datasets/project_2/MS/seqs/ERR6942395.fastq.gz
71402-0135	/mnt/datasets/project_2/MS/seqs/ERR6941857.fastq.gz
71402-0139	/mnt/datasets/project_2/MS/seqs/ERR6942397.fastq.gz
71402-0140	/mnt/datasets/project_2/MS/seqs/ERR6941858.fastq.gz
71402-0141	/mnt/datasets/project_2/MS/seqs/ERR6941860.fastq.gz
71402-0144	/mnt/datasets/project_2/MS/seqs/ERR6941862.fastq.gz
71402-0147	/mnt/datasets/project_2/MS/seqs/ERR6941864.fastq.gz
71402-0148	/mnt/datasets/project_2/MS/seqs/ERR6941866.fastq.gz
71402-0149	/mnt/datasets/project_2/MS/seqs/ERR6941868.fastq.gz
71402-0153	/mnt/datasets/project_2/MS/seqs/ERR6941872.fastq.gz
71402-0155	/mnt/datasets/project_2/MS/seqs/ERR6941873.fastq.gz
71402-0156	/mnt/datasets/project_2/MS/seqs/ERR6941875.fastq.gz
71402-0157	/mnt/datasets/project_2/MS/seqs/ERR6941877.fastq.gz
71402-0158	/mnt/datasets/project_2/MS/seqs/ERR6941879.fastq.gz
71402-0160	/mnt/datasets/project_2/MS/seqs/ERR6942399.fastq.gz
71402-0161	/mnt/datasets/project_2/MS/seqs/ERR6942400.fastq.gz
71402-0162	/mnt/datasets/project_2/MS/seqs/ERR6941881.fastq.gz
71402-0165	/mnt/datasets/project_2/MS/seqs/ERR6941882.fastq.gz
71402-0166	/mnt/datasets/project_2/MS/seqs/ERR6941884.fastq.gz
71402-0167	/mnt/datasets/project_2/MS/seqs/ERR6941886.fastq.gz
71402-0170	/mnt/datasets/project_2/MS/seqs/ERR6941888.fastq.gz
71402-0171	/mnt/datasets/project_2/MS/seqs/ERR6941890.fastq.gz
71402-0172	/mnt/datasets/project_2/MS/seqs/ERR6942401.fastq.gz
71402-0173	/mnt/datasets/project_2/MS/seqs/ERR6941891.fastq.gz
71402-0174	/mnt/datasets/project_2/MS/seqs/ERR6941893.fastq.gz
71402-0175	/mnt/datasets/project_2/MS/seqs/ERR6941895.fastq.gz
71402-0176	/mnt/datasets/project_2/MS/seqs/ERR6941897.fastq.gz
71402-0177	/mnt/datasets/project_2/MS/seqs/ERR6941899.fastq.gz
71402-0179	/mnt/datasets/project_2/MS/seqs/ERR6941901.fastq.gz
71402-0181	/mnt/datasets/project_2/MS/seqs/ERR6941902.fastq.gz
71402-0182	/mnt/datasets/project_2/MS/seqs/ERR6941903.fastq.gz
71402-0183	/mnt/datasets/project_2/MS/seqs/ERR6942405.fastq.gz
71402-0184	/mnt/datasets/project_2/MS/seqs/ERR6941904.fastq.gz
71402-0185	/mnt/datasets/project_2/MS/seqs/ERR6942407.fastq.gz
71402-0186	/mnt/datasets/project_2/MS/seqs/ERR6942408.fastq.gz
71402-0188	/mnt/datasets/project_2/MS/seqs/ERR6942410.fastq.gz
71402-0189	/mnt/datasets/project_2/MS/seqs/ERR6942412.fastq.gz
71402-0190	/mnt/datasets/project_2/MS/seqs/ERR6942413.fastq.gz
71402-0193	/mnt/datasets/project_2/MS/seqs/ERR6942416.fastq.gz
71402-0194	/mnt/datasets/project_2/MS/seqs/ERR6942418.fastq.gz
71402-0195	/mnt/datasets/project_2/MS/seqs/ERR6942420.fastq.gz
71402-0197	/mnt/datasets/project_2/MS/seqs/ERR6942422.fastq.gz
71402-0198	/mnt/datasets/project_2/MS/seqs/ERR6942424.fastq.gz
71402-0199	/mnt/datasets/project_2/MS/seqs/ERR6942426.fastq.gz
71402-0200	/mnt/datasets/project_2/MS/seqs/ERR6942428.fastq.gz
71402-0201	/mnt/datasets/project_2/MS/seqs/ERR6942429.fastq.gz
71402-0203	/mnt/datasets/project_2/MS/seqs/ERR6942430.fastq.gz
71402-0204	/mnt/datasets/project_2/MS/seqs/ERR6942432.fastq.gz
71402-0205	/mnt/datasets/project_2/MS/seqs/ERR6942434.fastq.gz
71402-0206	/mnt/datasets/project_2/MS/seqs/ERR6942436.fastq.gz
71402-0207	/mnt/datasets/project_2/MS/seqs/ERR6942438.fastq.gz
71402-0208	/mnt/datasets/project_2/MS/seqs/ERR6942439.fastq.gz
71402-0210	/mnt/datasets/project_2/MS/seqs/ERR6942441.fastq.gz
71402-0212	/mnt/datasets/project_2/MS/seqs/ERR6942443.fastq.gz
71402-0213	/mnt/datasets/project_2/MS/seqs/ERR6942444.fastq.gz
71402-0221	/mnt/datasets/project_2/MS/seqs/ERR6942446.fastq.gz
71402-0224	/mnt/datasets/project_2/MS/seqs/ERR6942450.fastq.gz
71402-0226	/mnt/datasets/project_2/MS/seqs/ERR6942451.fastq.gz
71402-0228	/mnt/datasets/project_2/MS/seqs/ERR6942453.fastq.gz
71402-0229	/mnt/datasets/project_2/MS/seqs/ERR6942455.fastq.gz
71402-0230	/mnt/datasets/project_2/MS/seqs/ERR6942457.fastq.gz
71402-0232	/mnt/datasets/project_2/MS/seqs/ERR6942459.fastq.gz
71402-0233	/mnt/datasets/project_2/MS/seqs/ERR6942461.fastq.gz
71402-0235	/mnt/datasets/project_2/MS/seqs/ERR6942462.fastq.gz
71402-0236	/mnt/datasets/project_2/MS/seqs/ERR6942464.fastq.gz
71402-0238	/mnt/datasets/project_2/MS/seqs/ERR6942468.fastq.gz
71402-0239	/mnt/datasets/project_2/MS/seqs/ERR6942470.fastq.gz
71402-0244	/mnt/datasets/project_2/MS/seqs/ERR6942472.fastq.gz
71402-0245	/mnt/datasets/project_2/MS/seqs/ERR6942473.fastq.gz
71402-0247	/mnt/datasets/project_2/MS/seqs/ERR6942474.fastq.gz
71402-0248	/mnt/datasets/project_2/MS/seqs/ERR6942475.fastq.gz
71402-0249	/mnt/datasets/project_2/MS/seqs/ERR6942477.fastq.gz
71402-0251	/mnt/datasets/project_2/MS/seqs/ERR6942479.fastq.gz
71402-0252	/mnt/datasets/project_2/MS/seqs/ERR6942481.fastq.gz
71402-0253	/mnt/datasets/project_2/MS/seqs/ERR6942483.fastq.gz
71402-0254	/mnt/datasets/project_2/MS/seqs/ERR6942485.fastq.gz
71402-0255	/mnt/datasets/project_2/MS/seqs/ERR6942487.fastq.gz
71402-0256	/mnt/datasets/project_2/MS/seqs/ERR6942491.fastq.gz
71402-0259	/mnt/datasets/project_2/MS/seqs/ERR6942493.fastq.gz
71402-0260	/mnt/datasets/project_2/MS/seqs/ERR6942495.fastq.gz
71501-0010	/mnt/datasets/project_2/MS/seqs/ERR6942534.fastq.gz
71501-0011	/mnt/datasets/project_2/MS/seqs/ERR6942536.fastq.gz
71501-0012	/mnt/datasets/project_2/MS/seqs/ERR6942538.fastq.gz
71501-0013	/mnt/datasets/project_2/MS/seqs/ERR6942540.fastq.gz
71501-0014	/mnt/datasets/project_2/MS/seqs/ERR6942542.fastq.gz
71501-0015	/mnt/datasets/project_2/MS/seqs/ERR6942544.fastq.gz
71501-0016	/mnt/datasets/project_2/MS/seqs/ERR6942546.fastq.gz
71501-0018	/mnt/datasets/project_2/MS/seqs/ERR6942548.fastq.gz
71501-0019	/mnt/datasets/project_2/MS/seqs/ERR6942550.fastq.gz
71501-0020	/mnt/datasets/project_2/MS/seqs/ERR6942552.fastq.gz
71501-0021	/mnt/datasets/project_2/MS/seqs/ERR6942554.fastq.gz
71501-0022	/mnt/datasets/project_2/MS/seqs/ERR6942556.fastq.gz
71501-0024	/mnt/datasets/project_2/MS/seqs/ERR6942560.fastq.gz
71501-0025	/mnt/datasets/project_2/MS/seqs/ERR6942562.fastq.gz
71501-0026	/mnt/datasets/project_2/MS/seqs/ERR6942564.fastq.gz
71501-0028	/mnt/datasets/project_2/MS/seqs/ERR6942568.fastq.gz
71501-0029	/mnt/datasets/project_2/MS/seqs/ERR6942570.fastq.gz
71501-0030	/mnt/datasets/project_2/MS/seqs/ERR6942572.fastq.gz
71501-0031	/mnt/datasets/project_2/MS/seqs/ERR6942574.fastq.gz
71501-0032	/mnt/datasets/project_2/MS/seqs/ERR6942576.fastq.gz
71501-0033	/mnt/datasets/project_2/MS/seqs/ERR6942578.fastq.gz
71501-0034	/mnt/datasets/project_2/MS/seqs/ERR6942580.fastq.gz
71501-0035	/mnt/datasets/project_2/MS/seqs/ERR6942582.fastq.gz
71501-0036	/mnt/datasets/project_2/MS/seqs/ERR6942584.fastq.gz
71501-0038	/mnt/datasets/project_2/MS/seqs/ERR6942588.fastq.gz
71501-0039	/mnt/datasets/project_2/MS/seqs/ERR6942590.fastq.gz
71501-0040	/mnt/datasets/project_2/MS/seqs/ERR6942592.fastq.gz
71501-0041	/mnt/datasets/project_2/MS/seqs/ERR6942593.fastq.gz
71501-0042	/mnt/datasets/project_2/MS/seqs/ERR6942595.fastq.gz
71501-0044	/mnt/datasets/project_2/MS/seqs/ERR6942597.fastq.gz
71501-0045	/mnt/datasets/project_2/MS/seqs/ERR6942599.fastq.gz
71501-0046	/mnt/datasets/project_2/MS/seqs/ERR6942601.fastq.gz
71501-0047	/mnt/datasets/project_2/MS/seqs/ERR6942603.fastq.gz
71501-0048	/mnt/datasets/project_2/MS/seqs/ERR6942605.fastq.gz
71501-0049	/mnt/datasets/project_2/MS/seqs/ERR6942607.fastq.gz
71501-0050	/mnt/datasets/project_2/MS/seqs/ERR6942609.fastq.gz
71502-0010	/mnt/datasets/project_2/MS/seqs/ERR6942611.fastq.gz
71502-0011	/mnt/datasets/project_2/MS/seqs/ERR6942613.fastq.gz
71502-0012	/mnt/datasets/project_2/MS/seqs/ERR6942615.fastq.gz
71502-0013	/mnt/datasets/project_2/MS/seqs/ERR6942617.fastq.gz
71502-0014	/mnt/datasets/project_2/MS/seqs/ERR6942619.fastq.gz
71502-0015	/mnt/datasets/project_2/MS/seqs/ERR6942621.fastq.gz
71502-0016	/mnt/datasets/project_2/MS/seqs/ERR6942623.fastq.gz
71502-0018	/mnt/datasets/project_2/MS/seqs/ERR6942625.fastq.gz
71502-0019	/mnt/datasets/project_2/MS/seqs/ERR6942627.fastq.gz
71502-0020	/mnt/datasets/project_2/MS/seqs/ERR6942629.fastq.gz
71502-0021	/mnt/datasets/project_2/MS/seqs/ERR6942631.fastq.gz
71502-0022	/mnt/datasets/project_2/MS/seqs/ERR6942633.fastq.gz
71502-0024	/mnt/datasets/project_2/MS/seqs/ERR6942635.fastq.gz
71502-0025	/mnt/datasets/project_2/MS/seqs/ERR6942637.fastq.gz
71502-0026	/mnt/datasets/project_2/MS/seqs/ERR6942639.fastq.gz
71502-0028	/mnt/datasets/project_2/MS/seqs/ERR6942641.fastq.gz
71502-0029	/mnt/datasets/project_2/MS/seqs/ERR6942643.fastq.gz
71502-0030	/mnt/datasets/project_2/MS/seqs/ERR6942645.fastq.gz
71502-0031	/mnt/datasets/project_2/MS/seqs/ERR6942647.fastq.gz
71502-0032	/mnt/datasets/project_2/MS/seqs/ERR6942649.fastq.gz
71502-0033	/mnt/datasets/project_2/MS/seqs/ERR6942651.fastq.gz
71502-0034	/mnt/datasets/project_2/MS/seqs/ERR6942653.fastq.gz
71502-0035	/mnt/datasets/project_2/MS/seqs/ERR6942655.fastq.gz
71502-0036	/mnt/datasets/project_2/MS/seqs/ERR6942657.fastq.gz
71502-0038	/mnt/datasets/project_2/MS/seqs/ERR6942659.fastq.gz
71502-0039	/mnt/datasets/project_2/MS/seqs/ERR6942661.fastq.gz
71502-0040	/mnt/datasets/project_2/MS/seqs/ERR6942663.fastq.gz
71502-0041	/mnt/datasets/project_2/MS/seqs/ERR6942664.fastq.gz
71502-0042	/mnt/datasets/project_2/MS/seqs/ERR6942666.fastq.gz
71502-0044	/mnt/datasets/project_2/MS/seqs/ERR6942668.fastq.gz
71502-0045	/mnt/datasets/project_2/MS/seqs/ERR6942670.fastq.gz
71502-0046	/mnt/datasets/project_2/MS/seqs/ERR6942672.fastq.gz
71502-0047	/mnt/datasets/project_2/MS/seqs/ERR6942674.fastq.gz
71502-0048	/mnt/datasets/project_2/MS/seqs/ERR6942676.fastq.gz
71502-0049	/mnt/datasets/project_2/MS/seqs/ERR6942678.fastq.gz
71502-0050	/mnt/datasets/project_2/MS/seqs/ERR6942680.fastq.gz
71601-0003	/mnt/datasets/project_2/MS/seqs/ERR6942682.fastq.gz
71601-0007	/mnt/datasets/project_2/MS/seqs/ERR6942685.fastq.gz
71601-0022	/mnt/datasets/project_2/MS/seqs/ERR6942693.fastq.gz
71601-0025	/mnt/datasets/project_2/MS/seqs/ERR6942697.fastq.gz
71601-0026	/mnt/datasets/project_2/MS/seqs/ERR6942699.fastq.gz
71601-0027	/mnt/datasets/project_2/MS/seqs/ERR6942700.fastq.gz
71601-0029	/mnt/datasets/project_2/MS/seqs/ERR6942702.fastq.gz
71601-0031	/mnt/datasets/project_2/MS/seqs/ERR6942703.fastq.gz
71601-0032	/mnt/datasets/project_2/MS/seqs/ERR6942919.fastq.gz
71601-0033	/mnt/datasets/project_2/MS/seqs/ERR6942921.fastq.gz
71601-0035	/mnt/datasets/project_2/MS/seqs/ERR6942923.fastq.gz
71601-0038	/mnt/datasets/project_2/MS/seqs/ERR6942705.fastq.gz
71601-0039	/mnt/datasets/project_2/MS/seqs/ERR6942925.fastq.gz
71601-0044	/mnt/datasets/project_2/MS/seqs/ERR6942930.fastq.gz
71601-0046	/mnt/datasets/project_2/MS/seqs/ERR6942932.fastq.gz
71601-0051	/mnt/datasets/project_2/MS/seqs/ERR6942937.fastq.gz
71601-0052	/mnt/datasets/project_2/MS/seqs/ERR6942939.fastq.gz
71601-0053	/mnt/datasets/project_2/MS/seqs/ERR6942941.fastq.gz
71601-0055	/mnt/datasets/project_2/MS/seqs/ERR6942945.fastq.gz
71601-0067	/mnt/datasets/project_2/MS/seqs/ERR6942950.fastq.gz
71601-0074	/mnt/datasets/project_2/MS/seqs/ERR6942954.fastq.gz
71601-0076	/mnt/datasets/project_2/MS/seqs/ERR6942708.fastq.gz
71601-0077	/mnt/datasets/project_2/MS/seqs/ERR6942709.fastq.gz
71601-0080	/mnt/datasets/project_2/MS/seqs/ERR6942710.fastq.gz
71601-0081	/mnt/datasets/project_2/MS/seqs/ERR6942958.fastq.gz
71601-0082	/mnt/datasets/project_2/MS/seqs/ERR6942712.fastq.gz
71601-0084	/mnt/datasets/project_2/MS/seqs/ERR6942714.fastq.gz
71601-0085	/mnt/datasets/project_2/MS/seqs/ERR6942715.fastq.gz
71601-0091	/mnt/datasets/project_2/MS/seqs/ERR6942718.fastq.gz
71601-0095	/mnt/datasets/project_2/MS/seqs/ERR6942723.fastq.gz
71601-0098	/mnt/datasets/project_2/MS/seqs/ERR6942727.fastq.gz
71601-0101	/mnt/datasets/project_2/MS/seqs/ERR6942970.fastq.gz
71601-0110	/mnt/datasets/project_2/MS/seqs/ERR6942981.fastq.gz
71601-0124	/mnt/datasets/project_2/MS/seqs/ERR6942741.fastq.gz
71601-0131	/mnt/datasets/project_2/MS/seqs/ERR6942746.fastq.gz
71601-0134	/mnt/datasets/project_2/MS/seqs/ERR6942749.fastq.gz
71601-0135	/mnt/datasets/project_2/MS/seqs/ERR6942750.fastq.gz
71601-0137	/mnt/datasets/project_2/MS/seqs/ERR6943006.fastq.gz
71601-0138	/mnt/datasets/project_2/MS/seqs/ERR6942751.fastq.gz
71601-0141	/mnt/datasets/project_2/MS/seqs/ERR6942754.fastq.gz
71601-0143	/mnt/datasets/project_2/MS/seqs/ERR6943014.fastq.gz
71601-0155	/mnt/datasets/project_2/MS/seqs/ERR6942759.fastq.gz
71601-0160	/mnt/datasets/project_2/MS/seqs/ERR6942764.fastq.gz
71601-0161	/mnt/datasets/project_2/MS/seqs/ERR6942765.fastq.gz
71601-0162	/mnt/datasets/project_2/MS/seqs/ERR6942767.fastq.gz
71602-0003	/mnt/datasets/project_2/MS/seqs/ERR6942769.fastq.gz
71602-0007	/mnt/datasets/project_2/MS/seqs/ERR6942771.fastq.gz
71602-0022	/mnt/datasets/project_2/MS/seqs/ERR6942772.fastq.gz
71602-0024	/mnt/datasets/project_2/MS/seqs/ERR6942774.fastq.gz
71602-0025	/mnt/datasets/project_2/MS/seqs/ERR6942776.fastq.gz
71602-0026	/mnt/datasets/project_2/MS/seqs/ERR6943020.fastq.gz
71602-0027	/mnt/datasets/project_2/MS/seqs/ERR6943022.fastq.gz
71602-0029	/mnt/datasets/project_2/MS/seqs/ERR6942778.fastq.gz
71602-0031	/mnt/datasets/project_2/MS/seqs/ERR6942779.fastq.gz
71602-0032	/mnt/datasets/project_2/MS/seqs/ERR6943025.fastq.gz
71602-0033	/mnt/datasets/project_2/MS/seqs/ERR6942780.fastq.gz
71602-0035	/mnt/datasets/project_2/MS/seqs/ERR6943027.fastq.gz
71602-0038	/mnt/datasets/project_2/MS/seqs/ERR6942782.fastq.gz
71602-0039	/mnt/datasets/project_2/MS/seqs/ERR6943029.fastq.gz
71602-0044	/mnt/datasets/project_2/MS/seqs/ERR6943031.fastq.gz
71602-0046	/mnt/datasets/project_2/MS/seqs/ERR6942783.fastq.gz
71602-0051	/mnt/datasets/project_2/MS/seqs/ERR6943033.fastq.gz
71602-0052	/mnt/datasets/project_2/MS/seqs/ERR6943035.fastq.gz
71602-0053	/mnt/datasets/project_2/MS/seqs/ERR6943037.fastq.gz
71602-0055	/mnt/datasets/project_2/MS/seqs/ERR6943039.fastq.gz
71602-0067	/mnt/datasets/project_2/MS/seqs/ERR6943040.fastq.gz
71602-0074	/mnt/datasets/project_2/MS/seqs/ERR6943042.fastq.gz
71602-0076	/mnt/datasets/project_2/MS/seqs/ERR6942785.fastq.gz
71602-0077	/mnt/datasets/project_2/MS/seqs/ERR6942786.fastq.gz
71602-0080	/mnt/datasets/project_2/MS/seqs/ERR6943046.fastq.gz
71602-0081	/mnt/datasets/project_2/MS/seqs/ERR6943048.fastq.gz
71602-0082	/mnt/datasets/project_2/MS/seqs/ERR6942788.fastq.gz
71602-0084	/mnt/datasets/project_2/MS/seqs/ERR6942789.fastq.gz
71602-0085	/mnt/datasets/project_2/MS/seqs/ERR6943051.fastq.gz
71602-0091	/mnt/datasets/project_2/MS/seqs/ERR6942790.fastq.gz
71602-0095	/mnt/datasets/project_2/MS/seqs/ERR6942792.fastq.gz
71602-0098	/mnt/datasets/project_2/MS/seqs/ERR6942793.fastq.gz
71602-0101	/mnt/datasets/project_2/MS/seqs/ERR6943055.fastq.gz
71602-0110	/mnt/datasets/project_2/MS/seqs/ERR6943056.fastq.gz
71602-0124	/mnt/datasets/project_2/MS/seqs/ERR6942794.fastq.gz
71602-0131	/mnt/datasets/project_2/MS/seqs/ERR6942796.fastq.gz
71602-0134	/mnt/datasets/project_2/MS/seqs/ERR6942797.fastq.gz
71602-0135	/mnt/datasets/project_2/MS/seqs/ERR6942799.fastq.gz
71602-0137	/mnt/datasets/project_2/MS/seqs/ERR6943060.fastq.gz
71602-0138	/mnt/datasets/project_2/MS/seqs/ERR6943062.fastq.gz
71602-0141	/mnt/datasets/project_2/MS/seqs/ERR6943064.fastq.gz
71602-0143	/mnt/datasets/project_2/MS/seqs/ERR6942800.fastq.gz
71602-0155	/mnt/datasets/project_2/MS/seqs/ERR6942801.fastq.gz
71602-0160	/mnt/datasets/project_2/MS/seqs/ERR6942804.fastq.gz
71602-0161	/mnt/datasets/project_2/MS/seqs/ERR6942805.fastq.gz
71602-0162	/mnt/datasets/project_2/MS/seqs/ERR6942807.fastq.gz
71701-0047	/mnt/datasets/project_2/MS/seqs/ERR6943067.fastq.gz
71701-0048	/mnt/datasets/project_2/MS/seqs/ERR6943069.fastq.gz
71701-0049	/mnt/datasets/project_2/MS/seqs/ERR6943071.fastq.gz
71701-0050	/mnt/datasets/project_2/MS/seqs/ERR6943073.fastq.gz
71701-0051	/mnt/datasets/project_2/MS/seqs/ERR6943075.fastq.gz
71701-0053	/mnt/datasets/project_2/MS/seqs/ERR6943077.fastq.gz
71701-0054	/mnt/datasets/project_2/MS/seqs/ERR6943079.fastq.gz
71701-0056	/mnt/datasets/project_2/MS/seqs/ERR6943083.fastq.gz
71701-0057	/mnt/datasets/project_2/MS/seqs/ERR6943085.fastq.gz
71701-0058	/mnt/datasets/project_2/MS/seqs/ERR6943087.fastq.gz
71701-0059	/mnt/datasets/project_2/MS/seqs/ERR6943089.fastq.gz
71701-0060	/mnt/datasets/project_2/MS/seqs/ERR6943091.fastq.gz
71701-0061	/mnt/datasets/project_2/MS/seqs/ERR6943093.fastq.gz
71701-0062	/mnt/datasets/project_2/MS/seqs/ERR6943095.fastq.gz
71701-0064	/mnt/datasets/project_2/MS/seqs/ERR6943099.fastq.gz
71701-0065	/mnt/datasets/project_2/MS/seqs/ERR6943101.fastq.gz
71701-0066	/mnt/datasets/project_2/MS/seqs/ERR6943103.fastq.gz
71701-0067	/mnt/datasets/project_2/MS/seqs/ERR6943105.fastq.gz
71701-0068	/mnt/datasets/project_2/MS/seqs/ERR6943107.fastq.gz
71701-0069	/mnt/datasets/project_2/MS/seqs/ERR6943108.fastq.gz
71701-0070	/mnt/datasets/project_2/MS/seqs/ERR6943110.fastq.gz
71701-0071	/mnt/datasets/project_2/MS/seqs/ERR6943112.fastq.gz
71701-0072	/mnt/datasets/project_2/MS/seqs/ERR6943114.fastq.gz
71701-0073	/mnt/datasets/project_2/MS/seqs/ERR6943116.fastq.gz
71701-0074	/mnt/datasets/project_2/MS/seqs/ERR6943118.fastq.gz
71701-0075	/mnt/datasets/project_2/MS/seqs/ERR6943120.fastq.gz
71701-0076	/mnt/datasets/project_2/MS/seqs/ERR6943122.fastq.gz
71701-0077	/mnt/datasets/project_2/MS/seqs/ERR6943124.fastq.gz
71701-0078	/mnt/datasets/project_2/MS/seqs/ERR6943126.fastq.gz
71701-0079	/mnt/datasets/project_2/MS/seqs/ERR6943128.fastq.gz
71701-0081	/mnt/datasets/project_2/MS/seqs/ERR6943130.fastq.gz
71701-0082	/mnt/datasets/project_2/MS/seqs/ERR6943132.fastq.gz
71701-0086	/mnt/datasets/project_2/MS/seqs/ERR6943138.fastq.gz
71701-0088	/mnt/datasets/project_2/MS/seqs/ERR6943143.fastq.gz
71701-0089	/mnt/datasets/project_2/MS/seqs/ERR6943145.fastq.gz
71701-0092	/mnt/datasets/project_2/MS/seqs/ERR6943151.fastq.gz
71701-0093	/mnt/datasets/project_2/MS/seqs/ERR6943153.fastq.gz
71701-0095	/mnt/datasets/project_2/MS/seqs/ERR6943156.fastq.gz
71701-0098	/mnt/datasets/project_2/MS/seqs/ERR6943161.fastq.gz
71701-0099	/mnt/datasets/project_2/MS/seqs/ERR6943163.fastq.gz
71701-0100	/mnt/datasets/project_2/MS/seqs/ERR6943165.fastq.gz
71701-0102	/mnt/datasets/project_2/MS/seqs/ERR6943169.fastq.gz
71701-0103	/mnt/datasets/project_2/MS/seqs/ERR6943171.fastq.gz
71701-0104	/mnt/datasets/project_2/MS/seqs/ERR6943173.fastq.gz
71701-0105	/mnt/datasets/project_2/MS/seqs/ERR6943175.fastq.gz
71701-0107	/mnt/datasets/project_2/MS/seqs/ERR6943177.fastq.gz
71701-0111	/mnt/datasets/project_2/MS/seqs/ERR6943185.fastq.gz
71701-0114	/mnt/datasets/project_2/MS/seqs/ERR6943191.fastq.gz
71701-0117	/mnt/datasets/project_2/MS/seqs/ERR6943195.fastq.gz
71701-0120	/mnt/datasets/project_2/MS/seqs/ERR6943199.fastq.gz
71701-0121	/mnt/datasets/project_2/MS/seqs/ERR6943201.fastq.gz
71701-0122	/mnt/datasets/project_2/MS/seqs/ERR6943203.fastq.gz
71701-0123	/mnt/datasets/project_2/MS/seqs/ERR6943205.fastq.gz
71701-0124	/mnt/datasets/project_2/MS/seqs/ERR6943207.fastq.gz
71701-0126	/mnt/datasets/project_2/MS/seqs/ERR6943211.fastq.gz
71701-0128	/mnt/datasets/project_2/MS/seqs/ERR6943215.fastq.gz
71701-0129	/mnt/datasets/project_2/MS/seqs/ERR6943217.fastq.gz
71701-0130	/mnt/datasets/project_2/MS/seqs/ERR6943219.fastq.gz
71701-0131	/mnt/datasets/project_2/MS/seqs/ERR6943221.fastq.gz
71701-0132	/mnt/datasets/project_2/MS/seqs/ERR6943223.fastq.gz
71701-0133	/mnt/datasets/project_2/MS/seqs/ERR6943225.fastq.gz
71701-0135	/mnt/datasets/project_2/MS/seqs/ERR6943229.fastq.gz
71701-0136	/mnt/datasets/project_2/MS/seqs/ERR6943231.fastq.gz
71701-0137	/mnt/datasets/project_2/MS/seqs/ERR6943233.fastq.gz
71701-0138	/mnt/datasets/project_2/MS/seqs/ERR6943236.fastq.gz
71701-0139	/mnt/datasets/project_2/MS/seqs/ERR6943238.fastq.gz
71701-0141	/mnt/datasets/project_2/MS/seqs/ERR6943242.fastq.gz
71701-0143	/mnt/datasets/project_2/MS/seqs/ERR6943246.fastq.gz
71701-0146	/mnt/datasets/project_2/MS/seqs/ERR6943252.fastq.gz
71701-0148	/mnt/datasets/project_2/MS/seqs/ERR6943256.fastq.gz
71701-0149	/mnt/datasets/project_2/MS/seqs/ERR6943258.fastq.gz
71701-0150	/mnt/datasets/project_2/MS/seqs/ERR6943260.fastq.gz
71701-0151	/mnt/datasets/project_2/MS/seqs/ERR6943262.fastq.gz
71701-0152	/mnt/datasets/project_2/MS/seqs/ERR6943264.fastq.gz
71701-0153	/mnt/datasets/project_2/MS/seqs/ERR6943266.fastq.gz
71701-0155	/mnt/datasets/project_2/MS/seqs/ERR6943269.fastq.gz
71701-0156	/mnt/datasets/project_2/MS/seqs/ERR6943271.fastq.gz
71701-0158	/mnt/datasets/project_2/MS/seqs/ERR6943273.fastq.gz
71701-0159	/mnt/datasets/project_2/MS/seqs/ERR6943275.fastq.gz
71701-0161	/mnt/datasets/project_2/MS/seqs/ERR6943279.fastq.gz
71701-0162	/mnt/datasets/project_2/MS/seqs/ERR6943281.fastq.gz
71701-0163	/mnt/datasets/project_2/MS/seqs/ERR6943283.fastq.gz
71701-0164	/mnt/datasets/project_2/MS/seqs/ERR6943285.fastq.gz
71701-0166	/mnt/datasets/project_2/MS/seqs/ERR6943287.fastq.gz
71701-0167	/mnt/datasets/project_2/MS/seqs/ERR6943288.fastq.gz
71701-0169	/mnt/datasets/project_2/MS/seqs/ERR6943290.fastq.gz
71701-0171	/mnt/datasets/project_2/MS/seqs/ERR6943294.fastq.gz
71701-0172	/mnt/datasets/project_2/MS/seqs/ERR6943296.fastq.gz
71701-0174	/mnt/datasets/project_2/MS/seqs/ERR6943298.fastq.gz
71701-0175	/mnt/datasets/project_2/MS/seqs/ERR6943300.fastq.gz
71702-0027	/mnt/datasets/project_2/MS/seqs/ERR6943302.fastq.gz
71702-0044	/mnt/datasets/project_2/MS/seqs/ERR6943304.fastq.gz
71702-0047	/mnt/datasets/project_2/MS/seqs/ERR6943306.fastq.gz
71702-0048	/mnt/datasets/project_2/MS/seqs/ERR6943308.fastq.gz
71702-0049	/mnt/datasets/project_2/MS/seqs/ERR6943310.fastq.gz
71702-0050	/mnt/datasets/project_2/MS/seqs/ERR6943312.fastq.gz
71702-0051	/mnt/datasets/project_2/MS/seqs/ERR6943314.fastq.gz
71702-0053	/mnt/datasets/project_2/MS/seqs/ERR6943316.fastq.gz
71702-0054	/mnt/datasets/project_2/MS/seqs/ERR6943318.fastq.gz
71702-0056	/mnt/datasets/project_2/MS/seqs/ERR6943320.fastq.gz
71702-0057	/mnt/datasets/project_2/MS/seqs/ERR6943322.fastq.gz
71702-0058	/mnt/datasets/project_2/MS/seqs/ERR6943324.fastq.gz
71702-0059	/mnt/datasets/project_2/MS/seqs/ERR6943326.fastq.gz
71702-0060	/mnt/datasets/project_2/MS/seqs/ERR6943328.fastq.gz
71702-0061	/mnt/datasets/project_2/MS/seqs/ERR6943330.fastq.gz
71702-0062	/mnt/datasets/project_2/MS/seqs/ERR6943332.fastq.gz
71702-0064	/mnt/datasets/project_2/MS/seqs/ERR6943334.fastq.gz
71702-0065	/mnt/datasets/project_2/MS/seqs/ERR6943336.fastq.gz
71702-0066	/mnt/datasets/project_2/MS/seqs/ERR6943338.fastq.gz
71702-0067	/mnt/datasets/project_2/MS/seqs/ERR6943340.fastq.gz
71702-0068	/mnt/datasets/project_2/MS/seqs/ERR6943342.fastq.gz
71702-0069	/mnt/datasets/project_2/MS/seqs/ERR6943343.fastq.gz
71702-0070	/mnt/datasets/project_2/MS/seqs/ERR6943344.fastq.gz
71702-0071	/mnt/datasets/project_2/MS/seqs/ERR6943346.fastq.gz
71702-0072	/mnt/datasets/project_2/MS/seqs/ERR6943348.fastq.gz
71702-0073	/mnt/datasets/project_2/MS/seqs/ERR6943350.fastq.gz
71702-0074	/mnt/datasets/project_2/MS/seqs/ERR6943352.fastq.gz
71702-0075	/mnt/datasets/project_2/MS/seqs/ERR6943354.fastq.gz
71702-0076	/mnt/datasets/project_2/MS/seqs/ERR6943356.fastq.gz
71702-0077	/mnt/datasets/project_2/MS/seqs/ERR6943358.fastq.gz
71702-0078	/mnt/datasets/project_2/MS/seqs/ERR6943360.fastq.gz
71702-0079	/mnt/datasets/project_2/MS/seqs/ERR6943362.fastq.gz
71702-0081	/mnt/datasets/project_2/MS/seqs/ERR6943364.fastq.gz
71702-0082	/mnt/datasets/project_2/MS/seqs/ERR6943366.fastq.gz
71702-0086	/mnt/datasets/project_2/MS/seqs/ERR6943368.fastq.gz
71702-0088	/mnt/datasets/project_2/MS/seqs/ERR6943369.fastq.gz
71702-0089	/mnt/datasets/project_2/MS/seqs/ERR6943371.fastq.gz
71702-0092	/mnt/datasets/project_2/MS/seqs/ERR6943373.fastq.gz
71702-0093	/mnt/datasets/project_2/MS/seqs/ERR6943375.fastq.gz
71702-0095	/mnt/datasets/project_2/MS/seqs/ERR6943377.fastq.gz
71702-0098	/mnt/datasets/project_2/MS/seqs/ERR6943378.fastq.gz
71702-0099	/mnt/datasets/project_2/MS/seqs/ERR6943380.fastq.gz
71702-0100	/mnt/datasets/project_2/MS/seqs/ERR6943382.fastq.gz
71702-0102	/mnt/datasets/project_2/MS/seqs/ERR6943384.fastq.gz
71702-0103	/mnt/datasets/project_2/MS/seqs/ERR6943386.fastq.gz
71702-0104	/mnt/datasets/project_2/MS/seqs/ERR6943388.fastq.gz
71702-0105	/mnt/datasets/project_2/MS/seqs/ERR6943390.fastq.gz
71702-0107	/mnt/datasets/project_2/MS/seqs/ERR6943391.fastq.gz
71702-0111	/mnt/datasets/project_2/MS/seqs/ERR6943393.fastq.gz
71702-0114	/mnt/datasets/project_2/MS/seqs/ERR6943395.fastq.gz
71702-0117	/mnt/datasets/project_2/MS/seqs/ERR6943397.fastq.gz
71702-0120	/mnt/datasets/project_2/MS/seqs/ERR6943401.fastq.gz
71702-0121	/mnt/datasets/project_2/MS/seqs/ERR6943403.fastq.gz
71702-0122	/mnt/datasets/project_2/MS/seqs/ERR6943405.fastq.gz
71702-0123	/mnt/datasets/project_2/MS/seqs/ERR6943407.fastq.gz
71702-0124	/mnt/datasets/project_2/MS/seqs/ERR6943409.fastq.gz
71702-0126	/mnt/datasets/project_2/MS/seqs/ERR6943411.fastq.gz
71702-0128	/mnt/datasets/project_2/MS/seqs/ERR6943412.fastq.gz
71702-0129	/mnt/datasets/project_2/MS/seqs/ERR6943414.fastq.gz
71702-0130	/mnt/datasets/project_2/MS/seqs/ERR6943415.fastq.gz
71702-0131	/mnt/datasets/project_2/MS/seqs/ERR6943417.fastq.gz
71702-0132	/mnt/datasets/project_2/MS/seqs/ERR6943419.fastq.gz
71702-0133	/mnt/datasets/project_2/MS/seqs/ERR6943421.fastq.gz
71702-0135	/mnt/datasets/project_2/MS/seqs/ERR6943423.fastq.gz
71702-0136	/mnt/datasets/project_2/MS/seqs/ERR6943425.fastq.gz
71702-0137	/mnt/datasets/project_2/MS/seqs/ERR6943427.fastq.gz
71702-0138	/mnt/datasets/project_2/MS/seqs/ERR6943428.fastq.gz
71702-0139	/mnt/datasets/project_2/MS/seqs/ERR6943430.fastq.gz
71702-0141	/mnt/datasets/project_2/MS/seqs/ERR6943432.fastq.gz
71702-0143	/mnt/datasets/project_2/MS/seqs/ERR6943434.fastq.gz
71702-0146	/mnt/datasets/project_2/MS/seqs/ERR6943436.fastq.gz
71702-0148	/mnt/datasets/project_2/MS/seqs/ERR6943438.fastq.gz
71702-0149	/mnt/datasets/project_2/MS/seqs/ERR6943440.fastq.gz
71702-0150	/mnt/datasets/project_2/MS/seqs/ERR6943442.fastq.gz
71702-0151	/mnt/datasets/project_2/MS/seqs/ERR6943444.fastq.gz
71702-0152	/mnt/datasets/project_2/MS/seqs/ERR6943446.fastq.gz
71702-0153	/mnt/datasets/project_2/MS/seqs/ERR6943448.fastq.gz
71702-0155	/mnt/datasets/project_2/MS/seqs/ERR6943450.fastq.gz
71702-0156	/mnt/datasets/project_2/MS/seqs/ERR6943452.fastq.gz
71702-0158	/mnt/datasets/project_2/MS/seqs/ERR6943454.fastq.gz
71702-0159	/mnt/datasets/project_2/MS/seqs/ERR6943456.fastq.gz
71702-0161	/mnt/datasets/project_2/MS/seqs/ERR6943458.fastq.gz
71702-0162	/mnt/datasets/project_2/MS/seqs/ERR6943460.fastq.gz
71702-0163	/mnt/datasets/project_2/MS/seqs/ERR6943462.fastq.gz
71702-0164	/mnt/datasets/project_2/MS/seqs/ERR6943464.fastq.gz
71702-0166	/mnt/datasets/project_2/MS/seqs/ERR6943466.fastq.gz
71702-0167	/mnt/datasets/project_2/MS/seqs/ERR6943468.fastq.gz
71702-0169	/mnt/datasets/project_2/MS/seqs/ERR6943470.fastq.gz
71702-0171	/mnt/datasets/project_2/MS/seqs/ERR6943472.fastq.gz
71702-0172	/mnt/datasets/project_2/MS/seqs/ERR6943474.fastq.gz
71702-0174	/mnt/datasets/project_2/MS/seqs/ERR6943476.fastq.gz
71702-0175	/mnt/datasets/project_2/MS/seqs/ERR6943478.fastq.gz
71801-0002	/mnt/datasets/project_2/MS/seqs/ERR7012537.fastq.gz
71801-0003	/mnt/datasets/project_2/MS/seqs/ERR7012557.fastq.gz
71801-0004	/mnt/datasets/project_2/MS/seqs/ERR7012538.fastq.gz
71801-0005	/mnt/datasets/project_2/MS/seqs/ERR7012558.fastq.gz
71801-0006	/mnt/datasets/project_2/MS/seqs/ERR7012559.fastq.gz
71801-0010	/mnt/datasets/project_2/MS/seqs/ERR7012560.fastq.gz
71801-0011	/mnt/datasets/project_2/MS/seqs/ERR7012561.fastq.gz
71801-0013	/mnt/datasets/project_2/MS/seqs/ERR7012562.fastq.gz
71801-0015	/mnt/datasets/project_2/MS/seqs/ERR7012563.fastq.gz
71801-0016	/mnt/datasets/project_2/MS/seqs/ERR7012564.fastq.gz
71801-0018	/mnt/datasets/project_2/MS/seqs/ERR7012565.fastq.gz
71801-0020	/mnt/datasets/project_2/MS/seqs/ERR7012539.fastq.gz
71801-0021	/mnt/datasets/project_2/MS/seqs/ERR7012566.fastq.gz
71801-0023	/mnt/datasets/project_2/MS/seqs/ERR7012540.fastq.gz
71801-0024	/mnt/datasets/project_2/MS/seqs/ERR7012567.fastq.gz
71801-0025	/mnt/datasets/project_2/MS/seqs/ERR7012568.fastq.gz
71801-0027	/mnt/datasets/project_2/MS/seqs/ERR7012541.fastq.gz
71801-0030	/mnt/datasets/project_2/MS/seqs/ERR7012542.fastq.gz
71801-0031	/mnt/datasets/project_2/MS/seqs/ERR7012543.fastq.gz
71801-0032	/mnt/datasets/project_2/MS/seqs/ERR7012569.fastq.gz
71801-0035	/mnt/datasets/project_2/MS/seqs/ERR6941996.fastq.gz
71801-0036	/mnt/datasets/project_2/MS/seqs/ERR6941905.fastq.gz
71801-0037	/mnt/datasets/project_2/MS/seqs/ERR6941907.fastq.gz
71801-0038	/mnt/datasets/project_2/MS/seqs/ERR6941908.fastq.gz
71801-0039	/mnt/datasets/project_2/MS/seqs/ERR6941910.fastq.gz
71801-0041	/mnt/datasets/project_2/MS/seqs/ERR6942002.fastq.gz
71801-0042	/mnt/datasets/project_2/MS/seqs/ERR6941912.fastq.gz
71801-0043	/mnt/datasets/project_2/MS/seqs/ERR6941914.fastq.gz
71801-0044	/mnt/datasets/project_2/MS/seqs/ERR6941915.fastq.gz
71801-0045	/mnt/datasets/project_2/MS/seqs/ERR6941917.fastq.gz
71801-0046	/mnt/datasets/project_2/MS/seqs/ERR6941918.fastq.gz
71801-0047	/mnt/datasets/project_2/MS/seqs/ERR6941919.fastq.gz
71801-0048	/mnt/datasets/project_2/MS/seqs/ERR6941920.fastq.gz
71801-0049	/mnt/datasets/project_2/MS/seqs/ERR6941921.fastq.gz
71801-0050	/mnt/datasets/project_2/MS/seqs/ERR6941923.fastq.gz
71801-0051	/mnt/datasets/project_2/MS/seqs/ERR6941924.fastq.gz
71801-0052	/mnt/datasets/project_2/MS/seqs/ERR6941925.fastq.gz
71801-0053	/mnt/datasets/project_2/MS/seqs/ERR6941926.fastq.gz
71801-0054	/mnt/datasets/project_2/MS/seqs/ERR6941927.fastq.gz
71801-0055	/mnt/datasets/project_2/MS/seqs/ERR6942013.fastq.gz
71801-0056	/mnt/datasets/project_2/MS/seqs/ERR6941929.fastq.gz
71801-0057	/mnt/datasets/project_2/MS/seqs/ERR6942015.fastq.gz
71801-0058	/mnt/datasets/project_2/MS/seqs/ERR6941931.fastq.gz
71801-0059	/mnt/datasets/project_2/MS/seqs/ERR6942018.fastq.gz
71801-0060	/mnt/datasets/project_2/MS/seqs/ERR6941932.fastq.gz
71801-0061	/mnt/datasets/project_2/MS/seqs/ERR6941933.fastq.gz
71801-0062	/mnt/datasets/project_2/MS/seqs/ERR6941934.fastq.gz
71801-0064	/mnt/datasets/project_2/MS/seqs/ERR6942022.fastq.gz
71801-0065	/mnt/datasets/project_2/MS/seqs/ERR6941936.fastq.gz
71801-0066	/mnt/datasets/project_2/MS/seqs/ERR6941937.fastq.gz
71801-0067	/mnt/datasets/project_2/MS/seqs/ERR6941938.fastq.gz
71801-0068	/mnt/datasets/project_2/MS/seqs/ERR6941940.fastq.gz
71801-0069	/mnt/datasets/project_2/MS/seqs/ERR6941941.fastq.gz
71801-0070	/mnt/datasets/project_2/MS/seqs/ERR6941942.fastq.gz
71801-0071	/mnt/datasets/project_2/MS/seqs/ERR6941943.fastq.gz
71801-0072	/mnt/datasets/project_2/MS/seqs/ERR6941945.fastq.gz
71801-0073	/mnt/datasets/project_2/MS/seqs/ERR6942028.fastq.gz
71801-0074	/mnt/datasets/project_2/MS/seqs/ERR7012045.fastq.gz
71801-0075	/mnt/datasets/project_2/MS/seqs/ERR7012047.fastq.gz
71801-0076	/mnt/datasets/project_2/MS/seqs/ERR7012049.fastq.gz
71801-0077	/mnt/datasets/project_2/MS/seqs/ERR7012051.fastq.gz
71801-0078	/mnt/datasets/project_2/MS/seqs/ERR7012053.fastq.gz
71801-0081	/mnt/datasets/project_2/MS/seqs/ERR7012057.fastq.gz
71801-0082	/mnt/datasets/project_2/MS/seqs/ERR7012059.fastq.gz
71801-0083	/mnt/datasets/project_2/MS/seqs/ERR7012061.fastq.gz
71801-0084	/mnt/datasets/project_2/MS/seqs/ERR7012062.fastq.gz
71801-0085	/mnt/datasets/project_2/MS/seqs/ERR7012064.fastq.gz
71801-0087	/mnt/datasets/project_2/MS/seqs/ERR7012068.fastq.gz
71801-0088	/mnt/datasets/project_2/MS/seqs/ERR7012070.fastq.gz
71801-0089	/mnt/datasets/project_2/MS/seqs/ERR7012072.fastq.gz
71801-0091	/mnt/datasets/project_2/MS/seqs/ERR6943480.fastq.gz
71801-0092	/mnt/datasets/project_2/MS/seqs/ERR7012075.fastq.gz
71801-0093	/mnt/datasets/project_2/MS/seqs/ERR7012077.fastq.gz
71801-0094	/mnt/datasets/project_2/MS/seqs/ERR7012079.fastq.gz
71801-0095	/mnt/datasets/project_2/MS/seqs/ERR7012081.fastq.gz
71801-0097	/mnt/datasets/project_2/MS/seqs/ERR6943481.fastq.gz
71801-0100	/mnt/datasets/project_2/MS/seqs/ERR7012086.fastq.gz
71801-0101	/mnt/datasets/project_2/MS/seqs/ERR7012087.fastq.gz
71801-0102	/mnt/datasets/project_2/MS/seqs/ERR6943482.fastq.gz
71801-0103	/mnt/datasets/project_2/MS/seqs/ERR6943483.fastq.gz
71801-0104	/mnt/datasets/project_2/MS/seqs/ERR7012090.fastq.gz
71801-0106	/mnt/datasets/project_2/MS/seqs/ERR7012095.fastq.gz
71801-0107	/mnt/datasets/project_2/MS/seqs/ERR7012097.fastq.gz
71801-0108	/mnt/datasets/project_2/MS/seqs/ERR7012099.fastq.gz
71801-0110	/mnt/datasets/project_2/MS/seqs/ERR7012103.fastq.gz
71801-0111	/mnt/datasets/project_2/MS/seqs/ERR7012104.fastq.gz
71801-0112	/mnt/datasets/project_2/MS/seqs/ERR7012106.fastq.gz
71801-0120	/mnt/datasets/project_2/MS/seqs/ERR7012118.fastq.gz
71801-0121	/mnt/datasets/project_2/MS/seqs/ERR7012120.fastq.gz
71801-0122	/mnt/datasets/project_2/MS/seqs/ERR7012122.fastq.gz
71801-0125	/mnt/datasets/project_2/MS/seqs/ERR7012126.fastq.gz
71801-0126	/mnt/datasets/project_2/MS/seqs/ERR7012128.fastq.gz
71801-0127	/mnt/datasets/project_2/MS/seqs/ERR7012130.fastq.gz
71801-0128	/mnt/datasets/project_2/MS/seqs/ERR7012132.fastq.gz
71801-0129	/mnt/datasets/project_2/MS/seqs/ERR7012134.fastq.gz
71801-0130	/mnt/datasets/project_2/MS/seqs/ERR7012136.fastq.gz
71801-0132	/mnt/datasets/project_2/MS/seqs/ERR7012138.fastq.gz
71801-0133	/mnt/datasets/project_2/MS/seqs/ERR7012140.fastq.gz
71801-0134	/mnt/datasets/project_2/MS/seqs/ERR7012142.fastq.gz
71801-0135	/mnt/datasets/project_2/MS/seqs/ERR7012144.fastq.gz
71801-0137	/mnt/datasets/project_2/MS/seqs/ERR7012146.fastq.gz
71801-0138	/mnt/datasets/project_2/MS/seqs/ERR7012148.fastq.gz
71801-0139	/mnt/datasets/project_2/MS/seqs/ERR7012150.fastq.gz
71801-0141	/mnt/datasets/project_2/MS/seqs/ERR7012152.fastq.gz
71801-0142	/mnt/datasets/project_2/MS/seqs/ERR7012154.fastq.gz
71801-0143	/mnt/datasets/project_2/MS/seqs/ERR7012156.fastq.gz
71801-0144	/mnt/datasets/project_2/MS/seqs/ERR7012158.fastq.gz
71801-0145	/mnt/datasets/project_2/MS/seqs/ERR7012160.fastq.gz
71801-0146	/mnt/datasets/project_2/MS/seqs/ERR7012162.fastq.gz
71801-0148	/mnt/datasets/project_2/MS/seqs/ERR7012166.fastq.gz
71801-0149	/mnt/datasets/project_2/MS/seqs/ERR7012168.fastq.gz
71801-0150	/mnt/datasets/project_2/MS/seqs/ERR7012170.fastq.gz
71801-0151	/mnt/datasets/project_2/MS/seqs/ERR7012172.fastq.gz
71801-0154	/mnt/datasets/project_2/MS/seqs/ERR7012176.fastq.gz
71801-0155	/mnt/datasets/project_2/MS/seqs/ERR7012178.fastq.gz
71801-0158	/mnt/datasets/project_2/MS/seqs/ERR7012180.fastq.gz
71801-0159	/mnt/datasets/project_2/MS/seqs/ERR7012182.fastq.gz
71802-0002	/mnt/datasets/project_2/MS/seqs/ERR7012570.fastq.gz
71802-0003	/mnt/datasets/project_2/MS/seqs/ERR7012544.fastq.gz
71802-0004	/mnt/datasets/project_2/MS/seqs/ERR7012571.fastq.gz
71802-0005	/mnt/datasets/project_2/MS/seqs/ERR7012545.fastq.gz
71802-0006	/mnt/datasets/project_2/MS/seqs/ERR7012546.fastq.gz
71802-0010	/mnt/datasets/project_2/MS/seqs/ERR7012547.fastq.gz
71802-0011	/mnt/datasets/project_2/MS/seqs/ERR7012548.fastq.gz
71802-0013	/mnt/datasets/project_2/MS/seqs/ERR7012572.fastq.gz
71802-0015	/mnt/datasets/project_2/MS/seqs/ERR7012549.fastq.gz
71802-0016	/mnt/datasets/project_2/MS/seqs/ERR7012550.fastq.gz
71802-0018	/mnt/datasets/project_2/MS/seqs/ERR7012573.fastq.gz
71802-0020	/mnt/datasets/project_2/MS/seqs/ERR7012551.fastq.gz
71802-0021	/mnt/datasets/project_2/MS/seqs/ERR7012552.fastq.gz
71802-0023	/mnt/datasets/project_2/MS/seqs/ERR7012574.fastq.gz
71802-0024	/mnt/datasets/project_2/MS/seqs/ERR7012553.fastq.gz
71802-0025	/mnt/datasets/project_2/MS/seqs/ERR7012575.fastq.gz
71802-0027	/mnt/datasets/project_2/MS/seqs/ERR7012576.fastq.gz
71802-0030	/mnt/datasets/project_2/MS/seqs/ERR7012554.fastq.gz
71802-0031	/mnt/datasets/project_2/MS/seqs/ERR7012555.fastq.gz
71802-0032	/mnt/datasets/project_2/MS/seqs/ERR7012556.fastq.gz
71802-0035	/mnt/datasets/project_2/MS/seqs/ERR6941947.fastq.gz
71802-0036	/mnt/datasets/project_2/MS/seqs/ERR6941949.fastq.gz
71802-0037	/mnt/datasets/project_2/MS/seqs/ERR6942030.fastq.gz
71802-0038	/mnt/datasets/project_2/MS/seqs/ERR6941951.fastq.gz
71802-0039	/mnt/datasets/project_2/MS/seqs/ERR6941952.fastq.gz
71802-0041	/mnt/datasets/project_2/MS/seqs/ERR6941955.fastq.gz
71802-0042	/mnt/datasets/project_2/MS/seqs/ERR6941957.fastq.gz
71802-0043	/mnt/datasets/project_2/MS/seqs/ERR6941959.fastq.gz
71802-0044	/mnt/datasets/project_2/MS/seqs/ERR6942035.fastq.gz
71802-0045	/mnt/datasets/project_2/MS/seqs/ERR6941960.fastq.gz
71802-0046	/mnt/datasets/project_2/MS/seqs/ERR6941961.fastq.gz
71802-0047	/mnt/datasets/project_2/MS/seqs/ERR6941964.fastq.gz
71802-0048	/mnt/datasets/project_2/MS/seqs/ERR6942040.fastq.gz
71802-0049	/mnt/datasets/project_2/MS/seqs/ERR6941965.fastq.gz
71802-0050	/mnt/datasets/project_2/MS/seqs/ERR6941967.fastq.gz
71802-0051	/mnt/datasets/project_2/MS/seqs/ERR6941968.fastq.gz
71802-0052	/mnt/datasets/project_2/MS/seqs/ERR6941970.fastq.gz
71802-0053	/mnt/datasets/project_2/MS/seqs/ERR6941972.fastq.gz
71802-0054	/mnt/datasets/project_2/MS/seqs/ERR6941973.fastq.gz
71802-0055	/mnt/datasets/project_2/MS/seqs/ERR6941975.fastq.gz
71802-0056	/mnt/datasets/project_2/MS/seqs/ERR6942045.fastq.gz
71802-0057	/mnt/datasets/project_2/MS/seqs/ERR6941977.fastq.gz
71802-0058	/mnt/datasets/project_2/MS/seqs/ERR6941978.fastq.gz
71802-0059	/mnt/datasets/project_2/MS/seqs/ERR6942049.fastq.gz
71802-0060	/mnt/datasets/project_2/MS/seqs/ERR6941979.fastq.gz
71802-0061	/mnt/datasets/project_2/MS/seqs/ERR6942051.fastq.gz
71802-0062	/mnt/datasets/project_2/MS/seqs/ERR6941980.fastq.gz
71802-0064	/mnt/datasets/project_2/MS/seqs/ERR6941981.fastq.gz
71802-0065	/mnt/datasets/project_2/MS/seqs/ERR6941983.fastq.gz
71802-0066	/mnt/datasets/project_2/MS/seqs/ERR6941985.fastq.gz
71802-0067	/mnt/datasets/project_2/MS/seqs/ERR6941987.fastq.gz
71802-0068	/mnt/datasets/project_2/MS/seqs/ERR6941989.fastq.gz
71802-0069	/mnt/datasets/project_2/MS/seqs/ERR6942055.fastq.gz
71802-0070	/mnt/datasets/project_2/MS/seqs/ERR6941990.fastq.gz
71802-0071	/mnt/datasets/project_2/MS/seqs/ERR6941992.fastq.gz
71802-0072	/mnt/datasets/project_2/MS/seqs/ERR6941993.fastq.gz
71802-0073	/mnt/datasets/project_2/MS/seqs/ERR6941995.fastq.gz
71802-0074	/mnt/datasets/project_2/MS/seqs/ERR7012185.fastq.gz
71802-0075	/mnt/datasets/project_2/MS/seqs/ERR6943485.fastq.gz
71802-0076	/mnt/datasets/project_2/MS/seqs/ERR7012188.fastq.gz
71802-0077	/mnt/datasets/project_2/MS/seqs/ERR7012190.fastq.gz
71802-0078	/mnt/datasets/project_2/MS/seqs/ERR7012192.fastq.gz
71802-0081	/mnt/datasets/project_2/MS/seqs/ERR7012196.fastq.gz
71802-0082	/mnt/datasets/project_2/MS/seqs/ERR7012198.fastq.gz
71802-0083	/mnt/datasets/project_2/MS/seqs/ERR7012200.fastq.gz
71802-0084	/mnt/datasets/project_2/MS/seqs/ERR7012202.fastq.gz
71802-0085	/mnt/datasets/project_2/MS/seqs/ERR6943486.fastq.gz
71802-0087	/mnt/datasets/project_2/MS/seqs/ERR7012206.fastq.gz
71802-0088	/mnt/datasets/project_2/MS/seqs/ERR7012208.fastq.gz
71802-0089	/mnt/datasets/project_2/MS/seqs/ERR7012210.fastq.gz
71802-0091	/mnt/datasets/project_2/MS/seqs/ERR7012212.fastq.gz
71802-0092	/mnt/datasets/project_2/MS/seqs/ERR7012214.fastq.gz
71802-0093	/mnt/datasets/project_2/MS/seqs/ERR7012216.fastq.gz
71802-0094	/mnt/datasets/project_2/MS/seqs/ERR7012218.fastq.gz
71802-0095	/mnt/datasets/project_2/MS/seqs/ERR6943488.fastq.gz
71802-0097	/mnt/datasets/project_2/MS/seqs/ERR7012221.fastq.gz
71802-0100	/mnt/datasets/project_2/MS/seqs/ERR6943489.fastq.gz
71802-0101	/mnt/datasets/project_2/MS/seqs/ERR7012224.fastq.gz
71802-0102	/mnt/datasets/project_2/MS/seqs/ERR7012226.fastq.gz
71802-0103	/mnt/datasets/project_2/MS/seqs/ERR7012228.fastq.gz
71802-0104	/mnt/datasets/project_2/MS/seqs/ERR7012230.fastq.gz
71802-0106	/mnt/datasets/project_2/MS/seqs/ERR7012231.fastq.gz
71802-0107	/mnt/datasets/project_2/MS/seqs/ERR6943490.fastq.gz
71802-0108	/mnt/datasets/project_2/MS/seqs/ERR7012233.fastq.gz
71802-0110	/mnt/datasets/project_2/MS/seqs/ERR7012235.fastq.gz
71802-0111	/mnt/datasets/project_2/MS/seqs/ERR7012237.fastq.gz
71802-0112	/mnt/datasets/project_2/MS/seqs/ERR7012238.fastq.gz
71802-0120	/mnt/datasets/project_2/MS/seqs/ERR7012241.fastq.gz
71802-0121	/mnt/datasets/project_2/MS/seqs/ERR7012243.fastq.gz
71802-0122	/mnt/datasets/project_2/MS/seqs/ERR7012245.fastq.gz
71802-0125	/mnt/datasets/project_2/MS/seqs/ERR7012247.fastq.gz
71802-0126	/mnt/datasets/project_2/MS/seqs/ERR7012249.fastq.gz
71802-0127	/mnt/datasets/project_2/MS/seqs/ERR7012251.fastq.gz
71802-0128	/mnt/datasets/project_2/MS/seqs/ERR7012253.fastq.gz
71802-0129	/mnt/datasets/project_2/MS/seqs/ERR7012255.fastq.gz
71802-0130	/mnt/datasets/project_2/MS/seqs/ERR7012257.fastq.gz
71802-0132	/mnt/datasets/project_2/MS/seqs/ERR7012259.fastq.gz
71802-0133	/mnt/datasets/project_2/MS/seqs/ERR6943491.fastq.gz
71802-0134	/mnt/datasets/project_2/MS/seqs/ERR7012263.fastq.gz
71802-0135	/mnt/datasets/project_2/MS/seqs/ERR7012265.fastq.gz
71802-0137	/mnt/datasets/project_2/MS/seqs/ERR7012267.fastq.gz
71802-0138	/mnt/datasets/project_2/MS/seqs/ERR7012269.fastq.gz
71802-0139	/mnt/datasets/project_2/MS/seqs/ERR7012271.fastq.gz
71802-0141	/mnt/datasets/project_2/MS/seqs/ERR7012273.fastq.gz
71802-0142	/mnt/datasets/project_2/MS/seqs/ERR7012275.fastq.gz
71802-0143	/mnt/datasets/project_2/MS/seqs/ERR7012277.fastq.gz
71802-0144	/mnt/datasets/project_2/MS/seqs/ERR7012279.fastq.gz
71802-0145	/mnt/datasets/project_2/MS/seqs/ERR7012281.fastq.gz
71802-0146	/mnt/datasets/project_2/MS/seqs/ERR7012283.fastq.gz
71802-0148	/mnt/datasets/project_2/MS/seqs/ERR7012285.fastq.gz
71802-0149	/mnt/datasets/project_2/MS/seqs/ERR7012286.fastq.gz
71802-0150	/mnt/datasets/project_2/MS/seqs/ERR7012289.fastq.gz
71802-0151	/mnt/datasets/project_2/MS/seqs/ERR7012291.fastq.gz
71802-0154	/mnt/datasets/project_2/MS/seqs/ERR7012293.fastq.gz
71802-0155	/mnt/datasets/project_2/MS/seqs/ERR7012295.fastq.gz
71802-0158	/mnt/datasets/project_2/MS/seqs/ERR7012297.fastq.gz
71802-0159	/mnt/datasets/project_2/MS/seqs/ERR7012299.fastq.gz
76401-0001	/mnt/datasets/project_2/MS/seqs/ERR7012300.fastq.gz
76401-0003	/mnt/datasets/project_2/MS/seqs/ERR7012302.fastq.gz
76401-0004	/mnt/datasets/project_2/MS/seqs/ERR7012303.fastq.gz
76401-0005	/mnt/datasets/project_2/MS/seqs/ERR7012304.fastq.gz
76401-0006	/mnt/datasets/project_2/MS/seqs/ERR7012305.fastq.gz
76401-0007	/mnt/datasets/project_2/MS/seqs/ERR7012306.fastq.gz
76401-0008	/mnt/datasets/project_2/MS/seqs/ERR7012307.fastq.gz
76401-0009	/mnt/datasets/project_2/MS/seqs/ERR7012308.fastq.gz
76401-0010	/mnt/datasets/project_2/MS/seqs/ERR7012309.fastq.gz
76401-0011	/mnt/datasets/project_2/MS/seqs/ERR7012310.fastq.gz
76401-0012	/mnt/datasets/project_2/MS/seqs/ERR7012311.fastq.gz
76401-0013	/mnt/datasets/project_2/MS/seqs/ERR7012312.fastq.gz
76401-0015	/mnt/datasets/project_2/MS/seqs/ERR7012313.fastq.gz
76401-0016	/mnt/datasets/project_2/MS/seqs/ERR7012314.fastq.gz
76401-0017	/mnt/datasets/project_2/MS/seqs/ERR7012315.fastq.gz
76401-0018	/mnt/datasets/project_2/MS/seqs/ERR7012316.fastq.gz
76401-0021	/mnt/datasets/project_2/MS/seqs/ERR7012317.fastq.gz
76401-0022	/mnt/datasets/project_2/MS/seqs/ERR7012318.fastq.gz
76401-0023	/mnt/datasets/project_2/MS/seqs/ERR7012319.fastq.gz
76401-0024	/mnt/datasets/project_2/MS/seqs/ERR7012320.fastq.gz
76401-0025	/mnt/datasets/project_2/MS/seqs/ERR7012321.fastq.gz
76401-0026	/mnt/datasets/project_2/MS/seqs/ERR7012322.fastq.gz
76401-0027	/mnt/datasets/project_2/MS/seqs/ERR7012323.fastq.gz
76401-0028	/mnt/datasets/project_2/MS/seqs/ERR7012324.fastq.gz
76401-0029	/mnt/datasets/project_2/MS/seqs/ERR7012326.fastq.gz
76401-0031	/mnt/datasets/project_2/MS/seqs/ERR7012329.fastq.gz
76401-0032	/mnt/datasets/project_2/MS/seqs/ERR7012331.fastq.gz
76401-0034	/mnt/datasets/project_2/MS/seqs/ERR7012333.fastq.gz
76401-0035	/mnt/datasets/project_2/MS/seqs/ERR7012335.fastq.gz
76401-0036	/mnt/datasets/project_2/MS/seqs/ERR7012337.fastq.gz
76401-0037	/mnt/datasets/project_2/MS/seqs/ERR7012339.fastq.gz
76401-0038	/mnt/datasets/project_2/MS/seqs/ERR7012341.fastq.gz
76401-0039	/mnt/datasets/project_2/MS/seqs/ERR7012343.fastq.gz
76401-0040	/mnt/datasets/project_2/MS/seqs/ERR7012345.fastq.gz
76401-0042	/mnt/datasets/project_2/MS/seqs/ERR7012347.fastq.gz
76401-0043	/mnt/datasets/project_2/MS/seqs/ERR7012349.fastq.gz
76401-0044	/mnt/datasets/project_2/MS/seqs/ERR7012351.fastq.gz
76401-0045	/mnt/datasets/project_2/MS/seqs/ERR7012353.fastq.gz
76401-0046	/mnt/datasets/project_2/MS/seqs/ERR7012355.fastq.gz
76402-0001	/mnt/datasets/project_2/MS/seqs/ERR7012357.fastq.gz
76402-0003	/mnt/datasets/project_2/MS/seqs/ERR7012359.fastq.gz
76402-0004	/mnt/datasets/project_2/MS/seqs/ERR7012360.fastq.gz
76402-0005	/mnt/datasets/project_2/MS/seqs/ERR7012361.fastq.gz
76402-0006	/mnt/datasets/project_2/MS/seqs/ERR7012362.fastq.gz
76402-0007	/mnt/datasets/project_2/MS/seqs/ERR7012363.fastq.gz
76402-0008	/mnt/datasets/project_2/MS/seqs/ERR7012364.fastq.gz
76402-0009	/mnt/datasets/project_2/MS/seqs/ERR7012365.fastq.gz
76402-0010	/mnt/datasets/project_2/MS/seqs/ERR7012366.fastq.gz
76402-0011	/mnt/datasets/project_2/MS/seqs/ERR7012367.fastq.gz
76402-0012	/mnt/datasets/project_2/MS/seqs/ERR7012368.fastq.gz
76402-0013	/mnt/datasets/project_2/MS/seqs/ERR7012369.fastq.gz
76402-0015	/mnt/datasets/project_2/MS/seqs/ERR7012370.fastq.gz
76402-0016	/mnt/datasets/project_2/MS/seqs/ERR7012371.fastq.gz
76402-0017	/mnt/datasets/project_2/MS/seqs/ERR7012372.fastq.gz
76402-0018	/mnt/datasets/project_2/MS/seqs/ERR7012373.fastq.gz
76402-0021	/mnt/datasets/project_2/MS/seqs/ERR7012374.fastq.gz
76402-0022	/mnt/datasets/project_2/MS/seqs/ERR7012375.fastq.gz
76402-0023	/mnt/datasets/project_2/MS/seqs/ERR7012376.fastq.gz
76402-0024	/mnt/datasets/project_2/MS/seqs/ERR7012377.fastq.gz
76402-0025	/mnt/datasets/project_2/MS/seqs/ERR7012378.fastq.gz
76402-0026	/mnt/datasets/project_2/MS/seqs/ERR7012379.fastq.gz
76402-0027	/mnt/datasets/project_2/MS/seqs/ERR7012380.fastq.gz
76402-0028	/mnt/datasets/project_2/MS/seqs/ERR7012381.fastq.gz
76402-0029	/mnt/datasets/project_2/MS/seqs/ERR7012383.fastq.gz
76402-0031	/mnt/datasets/project_2/MS/seqs/ERR7012385.fastq.gz
76402-0032	/mnt/datasets/project_2/MS/seqs/ERR7012387.fastq.gz
76402-0034	/mnt/datasets/project_2/MS/seqs/ERR7012389.fastq.gz
76402-0035	/mnt/datasets/project_2/MS/seqs/ERR7012391.fastq.gz
76402-0036	/mnt/datasets/project_2/MS/seqs/ERR7012393.fastq.gz
76402-0037	/mnt/datasets/project_2/MS/seqs/ERR7012397.fastq.gz
76402-0038	/mnt/datasets/project_2/MS/seqs/ERR7012399.fastq.gz
76402-0039	/mnt/datasets/project_2/MS/seqs/ERR7012401.fastq.gz
76402-0040	/mnt/datasets/project_2/MS/seqs/ERR7012403.fastq.gz
76402-0042	/mnt/datasets/project_2/MS/seqs/ERR7012405.fastq.gz
76402-0043	/mnt/datasets/project_2/MS/seqs/ERR7012407.fastq.gz
76402-0044	/mnt/datasets/project_2/MS/seqs/ERR7012409.fastq.gz
76402-0045	/mnt/datasets/project_2/MS/seqs/ERR7012411.fastq.gz
76402-0046	/mnt/datasets/project_2/MS/seqs/ERR7012413.fastq.gz
76501-0001	/mnt/datasets/project_2/MS/seqs/ERR7012418.fastq.gz
76501-0003	/mnt/datasets/project_2/MS/seqs/ERR7012422.fastq.gz
76501-0005	/mnt/datasets/project_2/MS/seqs/ERR7012424.fastq.gz
76501-0007	/mnt/datasets/project_2/MS/seqs/ERR7012428.fastq.gz
76501-0008	/mnt/datasets/project_2/MS/seqs/ERR7012430.fastq.gz
76501-0020	/mnt/datasets/project_2/MS/seqs/ERR7012434.fastq.gz
76501-0036	/mnt/datasets/project_2/MS/seqs/ERR7012451.fastq.gz
76501-0038	/mnt/datasets/project_2/MS/seqs/ERR7012455.fastq.gz
76501-0039	/mnt/datasets/project_2/MS/seqs/ERR7012457.fastq.gz
76501-0043	/mnt/datasets/project_2/MS/seqs/ERR7012463.fastq.gz
76502-0001	/mnt/datasets/project_2/MS/seqs/ERR7012469.fastq.gz
76502-0003	/mnt/datasets/project_2/MS/seqs/ERR7012471.fastq.gz
76502-0005	/mnt/datasets/project_2/MS/seqs/ERR7012473.fastq.gz
76502-0007	/mnt/datasets/project_2/MS/seqs/ERR7012475.fastq.gz
76502-0008	/mnt/datasets/project_2/MS/seqs/ERR7012477.fastq.gz
76502-0020	/mnt/datasets/project_2/MS/seqs/ERR7012479.fastq.gz
76502-0036	/mnt/datasets/project_2/MS/seqs/ERR7012483.fastq.gz
76502-0038	/mnt/datasets/project_2/MS/seqs/ERR7012485.fastq.gz
76502-0039	/mnt/datasets/project_2/MS/seqs/ERR7012487.fastq.gz
76502-0043	/mnt/datasets/project_2/MS/seqs/ERR7012491.fastq.gz
	
	
	
	
	
	
	
	
	
	
	
	
	
	
	
	
	
	
	
	
	
	
	
	
	
	
	
	
	
	
	
	
	
	
	
	
	
	
	
	
	
	
	
	
	
	
	
	
	
	
	
	
	
	
	
	
	
	
	
	
	
	
	
	
	
	
	
	
	
	
	
	
	
	
	
	
	
	
	
	
	
	
	
	
	
	
	
	
	
	
	
	
	
	
	
	
	
	
	
	
	
	
	
	
	
	
	
	
	
	
	
	
	
	
	
	
	
	
	
	
	
	
	
	
	
	
	
	
	
	
	
	
	
	
	
	
	
	
	
	
	
	
	
	
	
	
	
	
	
	
	
	
	
	
	
	
	
	
	
	
	
	
	
	
	
	
	
	
	
	
	
	
	
	
	
	
	
	
	
	
	
	
	
	
	
	
	
	
	
	
	
	
	
	
	
	
	
	
	
	
	
	
	
	
	
	
	
	
	
	
	
	
	
	
	
	
	
	
	
	
	
	
	
	
	
	
	
	
	
	
	
	
	
	
	
	
	
	
	
	
	
	
	
	
	
	
	
	
	
	
	
	
	
	
	
	
	
	
	
	
	
	
	
	
	
	
	
	
	
	
	
	
	
	
	
	
	
	
	
	
	
	
	
	
	
	
	
	
	
	
	
	
	
	
	
	
	
	
	
	
	
	
	
	
	
	
	
	
	
	
	
	
	
	
	
	
	
	
	
	
	
	
	
	
	
	
	
	
	
	
	
	
	
	
	
	
	
	
	
	
	
	
	
	
	
	
	
	
	
	
	
	
	
	
	
	
	
	
	
	
	
	
	
	
	
	
	
	
	
	
	
	
	
	
	
	
	
	
	
	
	
	
	
	
	
	
	
	
	
	
	
	
	
	
	
	
	
	
	
	
	
	
	
	
	
	
	
	
	
	
	
	
	
	
	
	
	
	
	
	
	
	
	
	
	
	
	
	
	
	
	
	
	
	
	
	
	
	
	
	
	
	
	
	
	
	
	
	
	
	
	
	
	
	
	
	
	
	
	
	
	
	
	
	
	
	
	
	
	
	
	
	
	
	
	
	
	
	
	
	
	
	
	
	
	
	
	
	
	
	
	
	
	
	
	
	
	
	
	
	
	
	
	
	
	
	
	
	
	
	
	
	
	
	
	
	
	
	
	
	
	
	
	
	
	
	
	
	
	
	
	
	
	
	
	
	
	
	
	
	
	
	
	
	
	
	
	
	
	
	
	
	
	
	
	
	
	
	
	
	
	
	
	
	
	
	
	
	
	
	
	
	
	
	
	
	
	
	
	
	
	
	
	
	
	
	
	
	
	
	
	
	
	
	
	
	
	
	
	
	
	
	
	
	
	
	
	
	
	
	
	
	
	
	
	
	
	
	
	
	
	
	
	
	
	
	
	
	
	
	
	
	
	
	
	
	
	
	
	
	
	
	
	
	
	
	
	
	
	
	
	
	
	
	
	
	
	
	
	
	
	
	
	
	
	
	
	
	
	
	
	
	
	
	
	
	
	
	
	
	
	
	
	
	
	
	
	
	
	
	
	
	
	
	
	
	
	
	
	
	
	
	
	
	
	
	
	
	
	
	
	
	
	
	
	
	
	
	
	
	
	
	
	
	
	
	
	
	
	
	
	
	
	
	
	
	
	
	
	
	
	
	
	
	
	
	
	
	
	
	
	
	
	
	
	
	
	
	
	
	
	
	
	
	
	
	
	
	
	
	
	
	
	
	
	
	
	
	
	
	
	
	
	
	
